CustomerName|PhoneNumber|StreetAddress|City|State|ZIP|Email
Wagner, Zena I.|942-372-8167|926-2337 Vestibulum Street|Cass Lake|MN|56633|non.arcu.Vivamus@scelerisque.org
Vargas, Kirestin X.|901-921-7311|9220 Fusce Rd.|Bemidji|MN|56601|eu.arcu.Morbi@nuncsed.ca
Mckenzie, Colorado L.|600-981-3599|178 Nulla St.|Walker|MN|56484|at.velit@maurisIntegersem.org
Mccarthy, Richard D.|130-799-2373|Ap #170-5408 Nascetur Avenue|Fosston|MN|58542|dui.quis.accumsan@nisl.org
Mejia, Zenaida O.|345-780-8105|9732 Eget, Rd.|Bena|MN|56626|nec.diam@ornaretortorat.com
Horton, Ann Z.|211-105-7865|P.O. Box 856, 9126 Justo St.|Blackduck|MN|56630|sociis.natoque@ipsumdolor.edu
Finch, Aiko R.|202-107-4186|928-8979 Phasellus Avenue|Cass Lake|MN|56633|congue.turpis@Duissit.org
Ford, Carla A.|121-464-8435|357-7763 Erat Rd.|Bagley|MN|56621|vel@nequeNullamut.net
Bell, Alan S.|493-613-3925|Ap #569-5074 Elit, Avenue|Walker|MN|56484|quam.dignissim.pharetra@nullaatsem.net
Beach, Eagan D.|333-818-1056|560-8502 Ut St.|Bemidji|MN|56601|blandit.enim@mollis.edu
Gregory, Rajah O.|583-485-3437|1444 Quisque Avenue|Blackduck|MN|56630|Sed.dictum@Praesentluctus.net
David, Vielka W.|974-566-6017|Ap #549-7697 Ac Av.|Bena|MN|56626|sit.amet@pedeultricesa.net
Wheeler, Yeo E.|610-694-3041|P.O. Box 862, 6494 Lectus Road|Bemidji|MN|56601|natoque@urnaNullamlobortis.com
Rios, Alma Z.|865-895-2480|1241 Non Rd.|Cass Lake|MN|56633|Nullam.velit@risus.net
Park, Xandra Z.|194-219-7493|P.O. Box 223, 6382 Erat. Rd.|Blackduck|MN|56630|auctor.velit.eget@elit.com
Chen, Wylie X.|627-862-1172|Ap #490-9371 Enim Rd.|Bemidji|MN|56601|Praesent@sociisnatoque.org
Gonzales, Chandler U.|224-650-9933|P.O. Box 807, 9928 Nisi St.|Bena|MN|56626|Mauris.magna@porttitorscelerisqueneque.org
Solis, Cynthia U.|279-396-0401|P.O. Box 544, 1148 Convallis Rd.|Cass Lake|MN|56633|consectetuer@augueSedmolestie.edu
Mendez, Delilah E.|475-670-4015|Ap #585-5624 Tincidunt Rd.|Fosston|MN|58542|vestibulum.lorem.sit@auctornuncnulla.co.uk
Ross, Gannon O.|668-921-0826|7134 Augue Ave|Walker|MN|56484|Curabitur@turpis.ca
Underwood, Driscoll V.|458-307-2690|P.O. Box 718, 5405 Magna Road|Bena|MN|56626|senectus.et@ipsum.co.uk
Best, Addison C.|101-359-0197|396-8250 Magna. Ave|Bagley|MN|56621|nulla.In@id.ca
Mejia, Hamilton L.|501-308-9869|266-2850 Pellentesque St.|Walker|MN|56484|aliquet.metus.urna@scelerisqueneque.co.uk
Solis, Kareem E.|694-438-4902|720-1177 Aenean Rd.|Bemidji|MN|56601|consequat.dolor@etnuncQuisque.ca
Hawkins, Ingrid C.|796-693-4549|Ap #459-8856 Non Ave|Cass Lake|MN|56633|tortor.nibh.sit@risusDonecegestas.ca
Hale, Ivy W.|753-400-6704|P.O. Box 405, 2566 Arcu. St.|Blackduck|MN|56630|dapibus@accumsan.org
Wright, Jason Y.|773-515-5281|Ap #838-5124 Mollis Rd.|Cass Lake|MN|56633|risus.Nunc@Crassedleo.ca
Pennington, Xaviera M.|152-580-5639|3037 Ridiculus Avenue|Bagley|MN|56621|non@nonsollicitudin.org
Castaneda, Fritz C.|992-447-3710|643-1079 Mauris Rd.|Cass Lake|MN|56633|adipiscing.fringilla.porttitor@iaculisneceleifend.ca
Mccullough, Sade W.|976-122-7591|Ap #962-1667 Cursus Rd.|Walker|MN|56484|pellentesque.a@Mauriseu.net
Mullen, Mariko W.|395-945-0503|6356 Quis Avenue|Blackduck|MN|56630|lacus@felis.org
Zamora, Maris S.|528-389-5267|P.O. Box 597, 6211 Varius Rd.|Bena|MN|56626|imperdiet.non.vestibulum@cursuset.com
Adams, Octavia S.|966-232-3285|Ap #209-9490 Sagittis St.|Fosston|MN|58542|Quisque@odio.co.uk
Barlow, Stewart R.|524-445-5113|594-8339 Ultricies Rd.|Bena|MN|56626|primis.in.faucibus@Donecfeugiatmetus.net
Vance, Kareem R.|257-370-8741|2518 Laoreet Rd.|Bagley|MN|56621|at.auctor.ullamcorper@ultriciessemmagna.org
Dyer, Nicholas K.|477-160-5392|P.O. Box 851, 8602 Mattis Rd.|Walker|MN|56484|sociosqu@Aliquam.ca
Graham, Hermione Z.|768-687-2636|966-9434 Aliquam Rd.|Cass Lake|MN|56633|nibh.sit@anteMaecenas.edu
Ferguson, Whoopi A.|617-417-4319|P.O. Box 453, 1484 At Rd.|Fosston|MN|58542|sit.amet@quam.co.uk
Hanson, Hope B.|212-250-0309|Ap #893-3279 Volutpat Road|Fosston|MN|58542|aliquet.Proin.velit@porttitorvulputate.ca
Terry, Robert O.|591-375-4718|Ap #887-1080 Non Rd.|Cass Lake|MN|56633|ligula.Nullam.enim@parturient.co.uk
Henry, Erich I.|767-227-4285|4373 Et Ave|Blackduck|MN|56630|Fusce@porttitorvulputate.ca
Vazquez, Octavia R.|841-379-8000|P.O. Box 446, 4619 Cum Street|Cass Lake|MN|56633|per@ultriciessem.org
Mckinney, Shad N.|848-450-3897|838-4615 Consectetuer St.|Blackduck|MN|56630|sit.amet.diam@Duisat.co.uk
Barnett, Karyn W.|847-389-6194|P.O. Box 585, 4489 Aenean St.|Fosston|MN|58542|neque.venenatis@Proin.edu
Barlow, Simon Z.|796-629-2155|957-4906 Montes, Avenue|Fosston|MN|58542|a.tortor.Nunc@sit.org
Bullock, Charlotte T.|101-756-9743|Ap #438-425 Augue Ave|Walker|MN|56484|placerat.Cras@NullamnislMaecenas.ca
Vega, Gannon A.|418-756-3834|866-711 Lectus St.|Cass Lake|MN|56633|non.dapibus@erosnec.edu
Richardson, Cooper V.|353-699-5191|402 Sodales Avenue|Bena|MN|56626|vulputate.eu@etrisus.co.uk
Rodriguez, Violet Z.|337-393-9660|Ap #442-1056 Nisl St.|Blackduck|MN|56630|euismod@veliteu.ca
Conley, Camden J.|483-994-2481|P.O. Box 402, 5314 Nulla Ave|Walker|MN|56484|sit.amet@massarutrum.ca
Gibbs, Unity D.|725-302-7140|9880 Enim. Road|Walker|MN|56484|Donec.luctus.aliquet@purus.com
Bolton, Henry M.|491-766-5640|P.O. Box 609, 7124 Non Rd.|Bena|MN|56626|et.netus@accumsanconvallisante.ca
Pena, MacKensie J.|882-519-6926|9832 Consectetuer Rd.|Fosston|MN|58542|ut.eros.non@malesuadavel.ca
Bean, Emmanuel G.|978-211-2881|6174 Sociis Rd.|Bagley|MN|56621|vitae.sodales.nisi@DonectinciduntDonec.org
Clay, Aspen V.|677-959-6607|790-3120 Vulputate, St.|Walker|MN|56484|lectus.a@amet.co.uk
Nielsen, Adrian F.|222-369-2865|Ap #781-7227 Magna. Road|Bemidji|MN|56601|orci.lacus@malesuadavelvenenatis.org
Wright, Salvador H.|354-221-5091|3903 Enim St.|Blackduck|MN|56630|ornare.placerat@Curabitur.co.uk
Pena, Savannah H.|600-996-0831|Ap #548-7124 Purus, Rd.|Walker|MN|56484|mattis.Integer@cursus.com
Hughes, Blossom W.|503-599-4843|Ap #975-945 Eleifend Rd.|Bemidji|MN|56601|ullamcorper.viverra@consequat.co.uk
Park, Serina H.|755-522-8567|326-2953 Urna. Avenue|Bagley|MN|56621|Fusce.fermentum@utpellentesqueeget.edu
Luna, Edward N.|121-883-4211|5502 Euismod Road|Fosston|MN|58542|enim.diam@vitae.net
Robertson, Benedict Q.|390-641-5796|565-2817 Quam Ave|Walker|MN|56484|nec.urna.suscipit@Etiamvestibulummassa.net
Martin, Kaye B.|747-351-3544|Ap #787-8763 Duis Avenue|Bena|MN|56626|at.pretium@acurna.edu
Drake, Whoopi C.|811-815-8613|P.O. Box 223, 6622 Elit, Av.|Cass Lake|MN|56633|convallis.dolor.Quisque@elitsedconsequat.net
Andrews, Oscar D.|175-649-9823|P.O. Box 457, 7114 Suscipit Avenue|Fosston|MN|58542|ligula.elit@sollicitudincommodo.com
Short, Dane S.|568-117-0287|5000 Aliquet, St.|Blackduck|MN|56630|vulputate.velit.eu@Suspendisseeleifend.net
Villarreal, Kato O.|177-527-8912|116-8081 Ullamcorper St.|Bena|MN|56626|eget@ornaresagittis.co.uk
Rosa, Ulla J.|870-537-5931|4686 Eget, St.|Fosston|MN|58542|nec.leo@ultricesmauris.ca
Dodson, MacKensie T.|635-593-8676|Ap #660-3322 Non Ave|Walker|MN|56484|nonummy.Fusce@fermentumconvallis.net
Castro, Maggie M.|928-633-7657|P.O. Box 866, 7100 Pellentesque Ave|Bagley|MN|56621|libero@congueInscelerisque.org
Hinton, Buffy E.|763-497-0512|P.O. Box 719, 2726 Ipsum Rd.|Bena|MN|56626|massa@auguescelerisquemollis.net
Witt, Demetrius Y.|139-654-4988|237-3957 Mollis St.|Bena|MN|56626|ullamcorper.magna.Sed@risusaultricies.co.uk
Donaldson, Armando S.|188-534-7633|126-6425 In Rd.|Bagley|MN|56621|eget.ipsum@quam.com
Caldwell, Holly L.|987-620-0136|Ap #329-9183 Risus. Street|Walker|MN|56484|Proin.mi@eu.ca
Underwood, Jaime I.|673-511-8414|P.O. Box 804, 1075 Eget Avenue|Cass Lake|MN|56633|penatibus.et.magnis@erosnectellus.edu
Mullins, Fitzgerald B.|539-474-3427|883-1079 Sed St.|Fosston|MN|58542|primis.in.faucibus@tinciduntcongue.ca
Munoz, Ulysses P.|721-606-4847|7494 Ultrices Avenue|Bena|MN|56626|convallis@facilisisfacilisis.co.uk
Figueroa, Sandra S.|134-925-6574|238-698 Vestibulum Road|Walker|MN|56484|Donec.sollicitudin.adipiscing@Curabitur.com
Caldwell, Alisa G.|368-537-0253|747-4394 Quam. Avenue|Walker|MN|56484|Duis.elementum.dui@Morbi.com
Park, Dylan K.|575-424-5737|P.O. Box 141, 1303 Consequat Av.|Bena|MN|56626|Proin@ac.co.uk
Norris, Iris Z.|481-452-2195|836-713 Lectus Avenue|Bena|MN|56626|mi.lacinia@Donec.co.uk
Dunlap, Anthony G.|484-845-7882|721-6088 Hendrerit Road|Bemidji|MN|56601|interdum@vulputate.ca
King, Marcia S.|303-517-1666|P.O. Box 941, 3243 Cursus St.|Bemidji|MN|56601|Mauris.nulla@Utsagittis.org
Howe, Mercedes U.|132-518-9388|Ap #530-7800 Ligula. Ave|Fosston|MN|58542|Donec.non@egestas.net
Nielsen, Rama I.|360-123-9120|4286 Lorem. Avenue|Bagley|MN|56621|erat.vel.pede@arcuAliquam.edu
Hardy, Rachel Q.|904-912-6089|1040 Mauris St.|Bena|MN|56626|lacinia.at@Suspendissetristiqueneque.ca
Justice, Savannah Y.|795-258-7657|P.O. Box 748, 3897 Faucibus St.|Cass Lake|MN|56633|elit.Curabitur@pellentesquetellussem.net
Delacruz, Martha M.|450-983-7692|5361 Sem Road|Bagley|MN|56621|semper@fermentumarcuVestibulum.net
Blackburn, Madeson P.|854-884-4471|1763 Id Rd.|Fosston|MN|58542|adipiscing@tinciduntaliquamarcu.ca
Russo, Nolan S.|856-566-1174|Ap #354-2350 Pede, Av.|Bemidji|MN|56601|sollicitudin.adipiscing.ligula@facilisisnonbibendum.net
Burgess, Brenna C.|640-351-9398|Ap #760-1070 Libero. St.|Cass Lake|MN|56633|eu@non.edu
Bishop, Raya Y.|713-300-8314|5908 Facilisis Rd.|Bemidji|MN|56601|Suspendisse.dui.Fusce@augueeutempor.co.uk
Mack, August D.|437-512-1125|Ap #187-5793 Suspendisse St.|Fosston|MN|58542|dapibus.gravida@Nulla.ca
Kidd, Galvin L.|780-437-1591|119-6030 Amet, Ave|Bemidji|MN|56601|Curabitur.dictum.Phasellus@orci.ca
Melton, Charlotte N.|142-197-4842|4975 Phasellus Avenue|Bemidji|MN|56601|consequat.enim.diam@vitaepurus.edu
