yearID,teamID,lgID,playerID,salary,pos,name
2016,ARI,NL,ahmedni01,521600,SS,Nick Ahmed
2016,ARI,NL,barreja01,507500,OF,Jake Barrett
2016,ARI,NL,brachsi01,509300,SS,Silvino Bracho
2016,ARI,NL,britoso01,508500,SS,Socrates Brito
2016,ARI,NL,castiwe01,3700000,P,Welington Castillo
2016,ARI,NL,chafian01,519700,3B,Andrew Chafin
2016,ARI,NL,clippty01,6100000,OF,Tyler Clippard
2016,ARI,NL,corbipa01,2525000,1B,Patrick Corbin
2016,ARI,NL,delarru01,2350000,SS,Rubby De La Rosa
2016,ARI,NL,delgara01,1275000,SS,Randall Delgado
2016,ARI,NL,drurybr01,508900,1B,Brandon Drury
2016,ARI,NL,goldspa01,5833333,P,Paul Goldschmidt
2016,ARI,NL,gosseph01,513900,P,Philip Gosselin
2016,ARI,NL,greinza01,31799030,OF,Zack Greinke
2016,ARI,NL,herrmch01,515900,OF,Chris Herrmann
2016,ARI,NL,hudsoda01,2700000,2B,Daniel Hudson
2016,ARI,NL,lambja01,520300,P,Jake Lamb
2016,ARI,NL,millesh01,4350000,OF,Shelby Miller
2016,ARI,NL,owingch01,530500,P,Chris Owings
2016,ARI,NL,peralda01,529600,C,David Peralta
2016,ARI,NL,polloaj01,3500000,OF,A. J. Pollock
2016,ARI,NL,rayro02,521000,P,Robbie Ray
2016,ARI,NL,segurje01,2600000,SS,Jean Segura
2016,ARI,NL,tomasya01,7500000,OF,Yasmany Tomas
2016,ARI,NL,weeksri01,1500000,OF,Rickie Weeks
2016,ARI,NL,zieglbr01,5500000,P,Brad Ziegler
2016,ATL,NL,aybarer01,8500000,OF,Erick Aybar
2016,ATL,NL,banuema01,507500,OF,Manny Banuelos
2016,ATL,NL,beckhgo01,1250000,P,Gordon Beckham
2016,ATL,NL,flowety01,2000000,P,Tyler Flowers
2016,ATL,NL,francje02,1000000,OF,Jeff Francoeur
2016,ATL,NL,freemfr01,12359375,P,Freddie Freeman
2016,ATL,NL,gantjo01,507500,OF,John Gant
2016,ATL,NL,garciad01,508750,P,Adonis Garcia
2016,ATL,NL,grillja01,3625000,P,Jason Grilli
2016,ATL,NL,inciaen01,523000,P,Ender Inciarte
2016,ATL,NL,johnsji04,2500000,OF,Jim Johnson
2016,ATL,NL,johnske05,2000000,P,Kelly Johnson
2016,ATL,NL,markani01,11000000,SS,Nick Markakis
2016,ATL,NL,mckiran01,511750,SS,Andrew McKirahan
2016,ATL,NL,norribu01,2500000,SS,Bud Norris
2016,ATL,NL,oflaher01,1750000,OF,Eric O'Flaherty
2016,ATL,NL,ogandal01,2000000,OF,Alexi Ogando
2016,ATL,NL,olivehe01,4000000,OF,Hector Olivera
2016,ATL,NL,perezwi01,511250,C,Williams Perez
2016,ATL,NL,peterja01,520500,3B,Jace Peterson
2016,ATL,NL,pierza.01,3000000,2B,William Pierson
2016,ATL,NL,ramirjo02,507500,P,Jose Ramirez
2016,ATL,NL,rodrist02,520500,P,Paco Rodriguez
2016,ATL,NL,simmosh01,508000,SS,Shae Simmons
2016,ATL,NL,stubbdr01,507500,OF,Drew Stubbs
2016,ATL,NL,teherju01,3466666,P,Julio Teheran
2016,ATL,NL,vizcaar01,897500,P,Arodys Vizcaino
2016,ATL,NL,winklda01,508500,P,Daniel Winkler
2016,ATL,NL,wislema01,507500,P,Matt Wisler
2016,BAL,AL,alvarpe01,5731704,C,Pedro Alvarez
2016,BAL,AL,brachbr01,1250000,SS,Brad Brach
2016,BAL,AL,brittza01,6750000,SS,Zach Britton
2016,BAL,AL,bundydy01,1800000,OF,Dylan Bundy
2016,BAL,AL,davisch02,21268890,C,Chris Davis
2016,BAL,AL,flahery01,1500000,OF,Ryan Flaherty
2016,BAL,AL,gallayo01,8728776,P,Yovani Gallardo
2016,BAL,AL,gausmke01,532000,P,Kevin Gausman
2016,BAL,AL,givenmy01,511500,OF,Mychal Givens
2016,BAL,AL,hardyjj01,12209424,P,J. J. Hardy
2016,BAL,AL,jimenub01,12673102,P,Ubaldo Jimenez
2016,BAL,AL,jonesad01,16329674,P,Adam Jones
2016,BAL,AL,josepca01,523500,OF,Caleb Joseph
2016,BAL,AL,kimhy01,2800000,P,Hyun Soo Kim
2016,BAL,AL,machama01,5000000,OF,Manny Machado
2016,BAL,AL,matusbr01,3900000,P,Brian Matusz
2016,BAL,AL,mcfartj01,523500,1B,T. J. McFarland
2016,BAL,AL,mileywa01,16329674,SS,Wade Miley
2016,BAL,AL,odayda01,5854712,C,Darren O'Day
2016,BAL,AL,paredji01,520000,SS,Jimmy Paredes
2016,BAL,AL,reimono01,1300000,OF,Nolan Reimold
2016,BAL,AL,rickajo01,507500,P,Joey Rickard
2016,BAL,AL,schoojo01,522500,2B,Jonathan Schoop
2016,BAL,AL,tillmch01,6225000,P,Chris Tillman
2016,BAL,AL,trumbma01,9150000,OF,Mark Trumbo
2016,BAL,AL,wietema01,15800000,C,Matt Wieters
2016,BAL,AL,wilsoty01,511500,P,Tyler Wilson
2016,BAL,AL,worleva01,2600000,P,Vance Worley
2016,BAL,AL,wrighmi01,510500,P,Mike Wright
2016,BOS,AL,barnema01,511000,OF,Matt Barnes
2016,BOS,AL,bettsmo01,566000,P,Mookie Betts
2016,BOS,AL,bogaexa01,650000,P,Xander Bogaerts
2016,BOS,AL,bradlja02,546500,SS,Jackie Bradley
2016,BOS,AL,buchhcl01,13000000,OF,Clay Buchholz
2016,BOS,AL,castiru02,11400000,P,Rusney Castillo
2016,BOS,AL,hanigry01,3700000,OF,Ryan Hanigan
2016,BOS,AL,holtbr01,606000,P,Brock Holt
2016,BOS,AL,kellyjo05,2600000,SS,Joe Kelly
2016,BOS,AL,kimbrcr01,11000000,P,Craig Kimbrel
2016,BOS,AL,layneto01,563750,SS,Tommy Layne
2016,BOS,AL,ortizda01,16000000,OF,David Ortiz
2016,BOS,AL,pedrodu01,12642511,P,Dustin Pedroia
2016,BOS,AL,porceri01,20125000,P,Rick Porcello
2016,BOS,AL,priceda01,30000000,P,David Price
2016,BOS,AL,ramirha01,22750000,SS,Hanley Ramirez
2016,BOS,AL,ramirno01,509500,P,Noe Ramirez
2016,BOS,AL,rodried05,521000,P,Eduardo Rodriguez
2016,BOS,AL,rossro01,1250000,P,Robbie Ross
2016,BOS,AL,sandopa01,17600000,3B,Pablo Sandoval
2016,BOS,AL,shawtr01,515000,OF,Travis Shaw
2016,BOS,AL,smithca02,529000,P,Carson Smith
2016,BOS,AL,swihabl01,518500,C,Blake Swihart
2016,BOS,AL,tazawju01,3375000,P,Junichi Tazawa
2016,BOS,AL,ueharko01,9000000,P,Koji Uehara
2016,BOS,AL,vazquch01,513000,C,Christian Vazquez
2016,BOS,AL,workmbr01,539500,P,Brandon Workman
2016,BOS,AL,wrighst01,514500,P,Steven Wright
2016,BOS,AL,youngch04,6500000,OF,Chris Young
2016,CHC,NL,arrieja01,10700000,OF,Jake Arrieta
2016,CHC,NL,baezja01,512000,OF,Javier Baez
2016,CHC,NL,beeleda01,508500,P,Dallas Beeler
2016,CHC,NL,brookaa01,510000,2B,Aaron Brooks
2016,CHC,NL,bryankr01,652000,OF,Kris Bryant
2016,CHC,NL,cahiltr01,4250000,3B,Trevor Cahill
2016,CHC,NL,fowlede01,8000000,OF,Dexter Fowler
2016,CHC,NL,grimmju01,1275000,P,Justin Grimm
2016,CHC,NL,hammeja01,9000000,P,Jason Hammel
2016,CHC,NL,hendrky01,541000,OF,Kyle Hendricks
2016,CHC,NL,heywaja01,19555288,SS,Jason Heyward
2016,CHC,NL,lasteto01,532000,P,Tommy La Stella
2016,CHC,NL,lackejo01,16000000,P,John Lackey
2016,CHC,NL,lestejo01,25000000,P,Jon Lester
2016,CHC,NL,montemi01,14000000,P,Miguel Montero
2016,CHC,NL,ramirne01,524500,P,Neil Ramirez
2016,CHC,NL,richacl01,2000000,OF,Clayton Richard
2016,CHC,NL,rizzoan01,5285714,1B,Anthony Rizzo
2016,CHC,NL,rondohe01,4200000,P,Hector Rondon
2016,CHC,NL,rossda01,2500000,P,David Ross
2016,CHC,NL,rosscza01,524500,P,Zac Rosscup
2016,CHC,NL,russead02,527000,SS,Addison Russell
2016,CHC,NL,schwaky01,522000,OF,Kyle Schwarber
2016,CHC,NL,solerjo01,3666666,OF,Jorge Soler
2016,CHC,NL,stroppe01,4400000,P,Pedro Strop
2016,CHC,NL,szczuma01,511500,OF,Matt Szczur
2016,CHC,NL,warread01,1700000,P,Adam Warren
2016,CHC,NL,woodtr01,6170000,P,Travis Wood
2016,CHC,NL,zobribe01,10500000,SS,Ben Zobrist
2016,CIN,NL,baileho02,18000000,OF,Homer Bailey
2016,CIN,NL,barnhtu01,517500,SS,Tucker Barnhart
2016,CIN,NL,bruceja01,12541666,OF,Jay Bruce
2016,CIN,NL,cingrto01,530000,P,Tony Cingrani
2016,CIN,NL,cothaca01,509675,P,Caleb Cotham
2016,CIN,NL,cozarza01,2925000,C,Zack Cozart
2016,CIN,NL,dejesiv02,517000,SS,Ivan De Jesus
2016,CIN,NL,desclan01,540000,OF,Anthony DeSclafani
2016,CIN,NL,diazju03,525000,C,Jumbo Diaz
2016,CIN,NL,duvalad01,510000,OF,Adam Duvall
2016,CIN,NL,finnebr01,511500,P,Brandon Finnegan
2016,CIN,NL,hamilbi02,570000,P,Billy Hamilton
2016,CIN,NL,holtty01,508000,2B,Tyler Holt
2016,CIN,NL,hoovejj01,1400000,P,J. J. Hoover
2016,CIN,NL,iglesra01,3214285,P,Raisel Iglesias
2016,CIN,NL,lambjo02,507500,P,John Lamb
2016,CIN,NL,lorenmi01,516500,P,Michael Lorenzen
2016,CIN,NL,mesorde01,5025000,SS,Devin Mesoraco
2016,CIN,NL,moscojo01,508000,SS,Jon Moscot
2016,CIN,NL,ohlenro01,800000,OF,Ross Ohlendorf
2016,CIN,NL,phillbr01,13083333,2B,Brandon Phillips
2016,CIN,NL,sampske01,507500,P,Keyvius Sampson
2016,CIN,NL,schebsc01,507500,OF,Scott Schebler
2016,CIN,NL,simonal01,2000000,P,Alfredo Simon
2016,CIN,NL,skipwky01,508000,OF,Kyle Skipworth
2016,CIN,NL,straida01,512100,P,Dan Straily
2016,CIN,NL,suareeu01,545000,SS,Eugenio Suarez
2016,CIN,NL,vottojo01,20000000,1B,Joey Votto
2016,CIN,NL,woodbl01,600000,P,Blake Wood
2016,CLE,AL,allenco01,4150000,SS,Cody Allen
2016,CLE,AL,anderco01,511400,C,Cody Anderson
2016,CLE,AL,bauertr01,1697500,OF,Trevor Bauer
2016,CLE,AL,brantmi02,7375000,3B,Michael Brantley
2016,CLE,AL,byrdma01,1000000,SS,Marlon Byrd
2016,CLE,AL,carraca01,4500000,P,Carlos Carrasco
2016,CLE,AL,chiselo01,2725000,OF,Lonnie Chisenhall
2016,CLE,AL,cowgico01,1000000,P,Collin Cowgill
2016,CLE,AL,davisra01,5250000,C,Rajai Davis
2016,CLE,AL,detwiro01,1000000,OF,Ross Detwiler
2016,CLE,AL,gomesya01,2583333,P,Yan Gomes
2016,CLE,AL,hunteto02,2000000,P,Tommy Hunter
2016,CLE,AL,kipnija01,6166667,P,Jason Kipnis
2016,CLE,AL,klubeco01,4700000,P,Corey Kluber
2016,CLE,AL,lindofr01,540300,OF,Francisco Lindor
2016,CLE,AL,manshje01,765000,OF,Jeff Manship
2016,CLE,AL,mcallza01,1300000,OF,Zach McAllister
2016,CLE,AL,napolmi01,7000000,C,Mike Napoli
2016,CLE,AL,naquity01,507500,C,Tyler Naquin
2016,CLE,AL,oteroda01,520000,OF,Dan Otero
2016,CLE,AL,perezro02,515800,C,Roberto Perez
2016,CLE,AL,ramirjo01,518200,SS,Jose Ramirez
2016,CLE,AL,salazda01,536200,P,Danny Salazar
2016,CLE,AL,santaca01,8450000,1B,Carlos Santana
2016,CLE,AL,shawbr01,2750000,P,Bryan Shaw
2016,CLE,AL,tomlijo01,2250000,P,Josh Tomlin
2016,CLE,AL,uribeju01,4000000,3B,Juan Uribe
2016,COL,NL,adamecr01,509500,SS,Cristhian Adames
2016,COL,NL,anderty01,509500,C,Tyler Anderson
2016,COL,NL,arenano01,5000000,OF,Nolan Arenado
2016,COL,NL,barnebr02,1000000,OF,Brandon Barnes
2016,COL,NL,bergmch01,512500,P,Christian Bergman
2016,COL,NL,bettich01,512500,P,Chad Bettis
2016,COL,NL,blackch02,3500000,OF,Charlie Blackmon
2016,COL,NL,castrmi01,509500,P,Miguel Castro
2016,COL,NL,chatwty01,1000000,SS,Tyler Chatwood
2016,COL,NL,rosajo01,12500000,P,Luis Rosado
2016,COL,NL,descada01,2100000,OF,Daniel Descalso
2016,COL,NL,diazja01,509500,C,Jairo Diaz
2016,COL,NL,gonzaca01,17428571,SS,Carlos Gonzalez
2016,COL,NL,grayjo02,509500,OF,Jon Gray
2016,COL,NL,gurkaja01,660000,P,Jason Gurka
2016,COL,NL,hundlni01,3150000,P,Nick Hundley
2016,COL,NL,lemahdj01,3000000,P,DJ LeMahieu
2016,COL,NL,loganbo02,6250000,P,Boone Logan
2016,COL,NL,lylesjo01,2975000,OF,Jordan Lyles
2016,COL,NL,matzety01,509500,P,Tyler Matzek
2016,COL,NL,mcgeeja01,4800000,1B,Jake McGee
2016,COL,NL,milleju02,509500,OF,Justin Miller
2016,COL,NL,motteja01,5000000,P,Jason Motte
2016,COL,NL,ottavad01,1300000,OF,Adam Ottavino
2016,COL,NL,parrage01,8000000,OF,Gerardo Parra
2016,COL,NL,paulsbe01,512500,P,Ben Paulsen
2016,COL,NL,quallch01,2250000,P,Chad Qualls
2016,COL,NL,raburry01,1500000,OF,Ryan Raburn
2016,COL,NL,reyesjo01,22000000,SS,Jose Reyes
2016,COL,NL,reynoma01,2600000,OF,Mark Reynolds
2016,COL,NL,rusinch01,512500,P,Chris Rusin
2016,COL,NL,storytr01,507500,P,Trevor Story
2016,COL,NL,wolteto01,507500,SS,Tony Wolters
2016,CHW,AL,abreujo02,11666667,SS,Jose Abreu
2016,CHW,AL,alberma01,2000000,SS,Matt Albers
2016,CHW,AL,avilaal01,2500000,OF,Alex Avila
2016,CHW,AL,cabreme01,14000000,3B,Melky Cabrera
2016,CHW,AL,danksjo01,15750000,P,John Danks
2016,CHW,AL,dukeza01,5000000,P,Zach Duke
2016,CHW,AL,eatonad02,2750000,P,Adam Eaton
2016,CHW,AL,frazito01,8250000,P,Todd Frazier
2016,CHW,AL,garciav01,2100000,P,Avisail Garcia
2016,CHW,AL,jacksau01,5000000,1B,Austin Jackson
2016,CHW,AL,jennida01,810000,P,Dan Jennings
2016,CHW,AL,jonesna01,900000,P,Nate Jones
2016,CHW,AL,lamboan01,3000000,P,Andrew Lambo
2016,CHW,AL,lawribr01,4125000,P,Brett Lawrie
2016,CHW,AL,navardi01,4000000,P,Dioner Navarro
2016,CHW,AL,petrija01,535000,P,Jake Petricka
2016,CHW,AL,putnaza01,975000,P,Zach Putnam
2016,CHW,AL,quintjo01,5400000,P,Jose Quintana
2016,CHW,AL,roberda08,11000000,P,David Robertson
2016,CHW,AL,rodonca01,518000,P,Carlos Rodon
2016,CHW,AL,rolliji01,2000000,SS,Jimmy Rollins
2016,CHW,AL,saladty01,513000,SS,Tyler Saladino
2016,CHW,AL,salech01,9150000,P,Chris Sale
2016,CHW,AL,sandsje01,535000,OF,Jerry Sands
2016,CHW,AL,shuckja01,521000,OF,J. B. Shuck
2016,DET,AL,avilemi01,2000000,OF,Mike Aviles
2016,DET,AL,cabremi01,28000000,3B,Miguel Cabrera
2016,DET,AL,casteni01,536500,P,Nick Castellanos
2016,DET,AL,collity01,510500,P,Tyler Collins
2016,DET,AL,farmebu01,509500,P,Buck Farmer
2016,DET,AL,ferreje01,507500,OF,Jeff Ferrell
2016,DET,AL,gosean01,525000,1B,Anthony Gose
2016,DET,AL,greensh02,517000,OF,Shane Greene
2016,DET,AL,hardybl01,520500,P,Blaine Hardy
2016,DET,AL,iglesjo01,2100000,P,Jose Iglesias
2016,DET,AL,kensilo01,575000,OF,Logan Kensing
2016,DET,AL,kinslia01,14000000,P,Ian Kinsler
2016,DET,AL,lowema01,5500000,2B,Mark Lowe
2016,DET,AL,martijd02,6750000,P,J. D. Martinez
2016,DET,AL,martivi01,18000000,P,Victor Martinez
2016,DET,AL,maybica01,8000000,1B,Cameron Maybin
2016,DET,AL,mccanja02,519500,OF,James McCann
2016,DET,AL,nesbian01,508500,P,Angel Nesbitt
2016,DET,AL,norrida01,514500,SS,Daniel Norris
2016,DET,AL,pelfrmi01,8000000,P,Mike Pelfrey
2016,DET,AL,rodrifr03,7383481,P,Francisco Rodriguez
2016,DET,AL,rominan01,900000,SS,Andrew Romine
2016,DET,AL,ryanky01,509500,P,Kyle Ryan
2016,DET,AL,saltaja01,507500,C,Jarrod Saltalamacchia
2016,DET,AL,sanchan01,16800000,P,Anibal Sanchez
2016,DET,AL,uptonju01,22125000,OF,Justin Upton
2016,DET,AL,verhadr01,509500,P,Drew VerHagen
2016,DET,AL,verlaju01,28000000,P,Justin Verlander
2016,DET,AL,wilsoal01,522500,P,Alex Wilson
2016,DET,AL,wilsoju10,1525000,P,Justin Wilson
2016,DET,AL,zimmejo02,18000000,P,Jordan Zimmermann
2016,HOU,AL,altuvjo01,3687500,C,Jose Altuve
2016,HOU,AL,castrja01,5000000,P,Jason Castro
2016,HOU,AL,correca01,516700,C,Carlos Correa
2016,HOU,AL,duffyma01,510200,P,Matt Duffy
2016,HOU,AL,feldmsc01,8000000,P,Scott Feldman
2016,HOU,AL,felizmi01,508200,P,Michael Feliz
2016,HOU,AL,fieldjo03,900000,P,Josh Fields
2016,HOU,AL,fiersmi01,524100,P,Mike Fiers
2016,HOU,AL,fistedo01,7000000,OF,Doug Fister
2016,HOU,AL,gattiev01,3300000,P,Evan Gattis
2016,HOU,AL,gileske01,528200,OF,Ken Giles
2016,HOU,AL,gomezca01,9000000,P,Carlos Gomez
2016,HOU,AL,gonzama01,2000000,SS,Marwin Gonzalez
2016,HOU,AL,gregelu01,6750000,OF,Luke Gregerson
2016,HOU,AL,harriwi10,525500,OF,Will Harris
2016,HOU,AL,keuchda01,7250000,P,Dallas Keuchel
2016,HOU,AL,kratzer01,850000,P,Erik Kratz
2016,HOU,AL,marisja01,519500,SS,Jake Marisnick
2016,HOU,AL,mcculla02,516700,1B,Lance McCullers
2016,HOU,AL,mchugco01,529000,P,Collin McHugh
2016,HOU,AL,neshepa01,6500000,P,Pat Neshek
2016,HOU,AL,rasmuco01,15800000,OF,Colby Rasmus
2016,HOU,AL,sippto01,6000000,P,Tony Sipp
2016,HOU,AL,springe01,522400,OF,George Springer
2016,HOU,AL,stassma01,508200,C,Max Stassi
2016,HOU,AL,tuckepr01,515000,OF,Preston Tucker
2016,HOU,AL,valbulu01,6125000,3B,Luis Valbuena
2016,HOU,AL,whitety01,507500,P,Tyler White
2016,KCR,AL,buterdr01,1162500,SS,Drew Butera
2016,KCR,AL,cainlo01,6500000,3B,Lorenzo Cain
2016,KCR,AL,colliti01,1475000,P,Tim Collins
2016,KCR,AL,colonch01,518425,P,Christian Colon
2016,KCR,AL,daviswa01,8000000,1B,Wade Davis
2016,KCR,AL,duffyda01,4225000,P,Danny Duffy
2016,KCR,AL,dysonja01,1725000,C,Jarrod Dyson
2016,KCR,AL,escobal02,5250000,P,Alcides Escobar
2016,KCR,AL,fuentre01,508450,P,Reymond Fuentes
2016,KCR,AL,geedi01,2000000,C,Dillon Gee
2016,KCR,AL,gordoal01,12000000,1B,Alex Gordon
2016,KCR,AL,gorete01,508500,1B,Terrance Gore
2016,KCR,AL,herreke01,2550000,OF,Kelvin Herrera
2016,KCR,AL,hochelu01,5500000,3B,Luke Hochevar
2016,KCR,AL,hosmeer01,8250000,3B,Eric Hosmer
2016,KCR,AL,infanom01,7750000,P,Omar Infante
2016,KCR,AL,kenneia01,7500000,C,Ian Kennedy
2016,KCR,AL,medlekr01,5500000,P,Kris Medlen
2016,KCR,AL,minormi01,2000000,P,Mike Minor
2016,KCR,AL,moralke01,9000000,C,Kendrys Morales
2016,KCR,AL,moustmi01,5600000,P,Mike Moustakas
2016,KCR,AL,orlanpa01,514250,3B,Paulo Orlando
2016,KCR,AL,perezsa02,2000000,C,Salvador Perez
2016,KCR,AL,soriajo01,7000000,P,Joakim Soria
2016,KCR,AL,vargaja01,8500000,P,Jason Vargas
2016,KCR,AL,ventuyo01,1200000,P,Yordano Ventura
2016,KCR,AL,volqued01,9500000,P,Edinson Volquez
2016,KCR,AL,wangch01,1000000,P,Chien-Ming Wang
2016,KCR,AL,youngch03,4250000,P,Chris Young
2016,LAA,AL,alvarjo02,507500,C,Jose Alvarez
2016,LAA,AL,bedroca01,510500,P,Cam Bedrosian
2016,LAA,AL,calhoko01,3400000,P,Kole Calhoun
2016,LAA,AL,choiji01,650000,OF,Ji-Man Choi
2016,LAA,AL,croncj01,525000,OF,C. J. Cron
2016,LAA,AL,escobyu01,7000000,P,Yunel Escobar
2016,LAA,AL,gentrcr01,1000000,C,Craig Gentry
2016,LAA,AL,giavojo01,532500,OF,Johnny Giavotella
2016,LAA,AL,heanean01,515000,OF,Andrew Heaney
2016,LAA,AL,morinmi01,520000,2B,Mike Morin
2016,LAA,AL,navada01,1375000,P,Daniel Nava
2016,LAA,AL,pennicl01,1500000,C,Cliff Pennington
2016,LAA,AL,perezca02,513000,2B,Carlos Perez
2016,LAA,AL,pujolal01,25000000,3B,Albert Pujols
2016,LAA,AL,rasmuco02,514500,P,Cory Rasmus
2016,LAA,AL,richaga01,6425000,P,Garrett Richards
2016,LAA,AL,salasfe01,2400000,P,Fernando Salas
2016,LAA,AL,santihe01,5000000,P,Hector Santiago
2016,LAA,AL,shoemma01,530000,P,Matt Shoemaker
2016,LAA,AL,simmoan01,6000000,SS,Andrelton Simmons
2016,LAA,AL,smithjo05,5250000,P,Joe Smith
2016,LAA,AL,sotoge01,2800000,C,Geovany Soto
2016,LAA,AL,streehu01,8000000,P,Huston Street
2016,LAA,AL,troutmi01,16083333,OF,Mike Trout
2016,LAA,AL,weaveje02,20200000,P,Jered Weaver
2016,LAA,AL,wilsocj01,20500000,C,C. J. Wilson
2016,LAD,NL,anderbr04,15800000,C,Brett Anderson
2016,LAD,NL,baezpe01,520000,OF,Pedro Baez
2016,LAD,NL,barneau01,512500,OF,Austin Barnes
2016,LAD,NL,blantjo01,4000000,OF,Joe Blanton
2016,LAD,NL,bolsimi01,515000,3B,Mike Bolsinger
2016,LAD,NL,colemlo01,725000,P,Louis Coleman
2016,LAD,NL,crawfca02,20750000,C,Carl Crawford
2016,LAD,NL,culbech01,535000,P,Charlie Culberson
2016,LAD,NL,ellisaj01,4500000,P,A. J. Ellis
2016,LAD,NL,ethiean01,18000000,C,Andre Ethier
2016,LAD,NL,garciyi01,517500,SS,Yimi Garcia
2016,LAD,NL,gonzaad01,21000000,SS,Adrian Gonzalez
2016,LAD,NL,grandya01,2800000,OF,Yasmani Grandal
2016,LAD,NL,guerral01,7500000,OF,Alex Guerrero
2016,LAD,NL,hatchch02,1065000,P,Chris Hatcher
2016,LAD,NL,hernaen02,520000,OF,Enrique Hernandez
2016,LAD,NL,howeljp01,6250000,P,J. P. Howell
2016,LAD,NL,janseke01,10650000,P,Kenley Jansen
2016,LAD,NL,kazmisc01,14985384,P,Scott Kazmir
2016,LAD,NL,kendrho01,9540378,C,Howie Kendrick
2016,LAD,NL,kershcl01,33000000,P,Clayton Kershaw
2016,LAD,NL,maedake01,3125000,3B,Kenta Maeda
2016,LAD,NL,mccarbr01,12500000,OF,Brandon McCarthy
2016,LAD,NL,montafr02,510000,P,Frankie Montas
2016,LAD,NL,pederjo01,520000,P,Joc Pederson
2016,LAD,NL,puigya01,7214285,OF,Yasiel Puig
2016,LAD,NL,ravinjo01,515000,P,Josh Ravin
2016,LAD,NL,ryuhy01,7833333,P,Hyun-Jin Ryu
2016,LAD,NL,seageco01,510000,SS,Corey Seager
2016,LAD,NL,stripro01,507500,P,Ross Stripling
2016,LAD,NL,thomptr01,512500,OF,Trayce Thompson
2016,LAD,NL,turneju01,5100000,3B,Justin Turner
2016,LAD,NL,utleych01,7000000,3B,Chase Utley
2016,LAD,NL,vanslsc01,1225000,OF,Scott Van Slyke
2016,LAD,NL,woodal02,530000,P,Alex Wood
2016,MIA,NL,bourju01,537500,P,Justin Bour
2016,MIA,NL,breslcr01,1500000,3B,Craig Breslow
2016,MIA,NL,cappsca01,987500,C,Carter Capps
2016,MIA,NL,chenwe02,12500000,P,Wei-Yin Chen
2016,MIA,NL,conlead01,512500,OF,Adam Conley
2016,MIA,NL,cosarja01,550000,C,Jarred Cosart
2016,MIA,NL,dietrde01,522500,C,Derek Dietrich
2016,MIA,NL,dunnmi01,3450000,P,Mike Dunn
2016,MIA,NL,fernajo02,2800000,OF,Jose Fernandez
2016,MIA,NL,gordode01,3242202,1B,Dee Gordon
2016,MIA,NL,hechaad01,2625000,3B,Adeiny Hechavarria
2016,MIA,NL,jacksed01,507500,P,Edwin Jackson
2016,MIA,NL,johnsch05,8007500,P,Chris Johnson
2016,MIA,NL,koehlto01,3500000,P,Tom Koehler
2016,MIA,NL,lazora01,508500,SS,Raudel Lazo
2016,MIA,NL,mathije01,1500000,P,Jeff Mathis
2016,MIA,NL,mcgowdu01,1000000,P,Dustin McGowan
2016,MIA,NL,morribr01,1350000,2B,Bryan Morris
2016,MIA,NL,narvech01,1200000,C,Chris Narveson
2016,MIA,NL,ozunama01,570000,P,Marcell Ozuna
2016,MIA,NL,phelpda01,2500000,P,David Phelps
2016,MIA,NL,pradoma01,11000000,OF,Martin Prado
2016,MIA,NL,ramosaj01,3400000,P,A. J. Ramos
2016,MIA,NL,realmjt01,532500,C,J. T. Realmuto
2016,MIA,NL,rojasmi02,511000,SS,Miguel Rojas
2016,MIA,NL,stantmi03,9000000,OF,Giancarlo Stanton
2016,MIA,NL,suzukic01,2000000,P,Ichiro Suzuki
2016,MIA,NL,yelicch01,1000000,OF,Christian Yelich
2016,MIL,NL,anderch01,520200,C,Chase Anderson
2016,MIL,NL,barriyh01,509200,OF,Yhonathan Barrios
2016,MIL,NL,blazemi01,514200,OF,Michael Blazek
2016,MIL,NL,boyerbl01,950000,SS,Blaine Boyer
2016,MIL,NL,braunry02,19315013,3B,Ryan Braun
2016,MIL,NL,broxtke01,508500,OF,Keon Broxton
2016,MIL,NL,capuach01,1500000,P,Chris Capuano
2016,MIL,NL,cartech02,2500000,P,Chris Carter
2016,MIL,NL,florera02,508800,P,Ramon Flores
2016,MIL,NL,garzama01,12209424,P,Matt Garza
2016,MIL,NL,gennesc01,518100,C,Scooter Gennett
2016,MIL,NL,hillaa01,12000000,SS,Aaron Hill
2016,MIL,NL,jeffrje01,519100,P,Jeremy Jeffress
2016,MIL,NL,jungmta01,518500,OF,Taylor Jungmann
2016,MIL,NL,knebeco01,513000,P,Corey Knebel
2016,MIL,NL,liriary01,508500,OF,Rymer Liriano
2016,MIL,NL,lucrojo01,4100000,P,Jonathan Lucroy
2016,MIL,NL,maldoma01,1125000,P,Martin Maldonado
2016,MIL,NL,nelsoji02,522300,P,Jimmy Nelson
2016,MIL,NL,nieuwki01,514000,P,Kirk Nieuwenhuis
2016,MIL,NL,nolinse01,509700,P,Sean Nolin
2016,MIL,NL,penaar01,510000,P,Ariel Pena
2016,MIL,NL,peralwi01,2800000,C,Wily Peralta
2016,MIL,NL,riverya01,508600,C,Yadiel Rivera
2016,MIL,NL,santado01,513800,OF,Domingo Santana
2016,MIL,NL,smithwi04,1475000,P,Will Smith
2016,MIL,NL,thornty01,513900,P,Tyler Thornburg
2016,MIL,NL,torreca01,1050000,P,Carlos Torres
2016,MIL,NL,villajo01,512900,SS,Jonathan Villar
2016,MIL,NL,walshco02,507500,OF,Colin Walsh
2016,MIN,AL,abadfe01,1250000,#N/A,Fernando Abad
2016,MIN,AL,arciaos01,535000,OF,Oswaldo Arcia
2016,MIN,AL,buxtoby01,512500,SS,Byron Buxton
2016,MIN,AL,doziebr01,3000000,SS,Brian Dozier
2016,MIN,AL,escobed01,2150000,P,Eduardo Escobar
2016,MIN,AL,fienca01,2275000,P,Casey Fien
2016,MIN,AL,gibsoky01,587500,OF,Kyle Gibson
2016,MIN,AL,hugheph01,9200000,2B,Phil Hughes
2016,MIN,AL,jepseke01,5312000,P,Kevin Jepsen
2016,MIN,AL,mauerjo01,23000000,P,Joe Mauer
2016,MIN,AL,matzety01,545000,P,Tyler Matzek
2016,MIN,AL,milonto01,4500000,OF,Tommy Milone
2016,MIN,AL,murphjr01,528700,OF,J. R. Murphy
2016,MIN,AL,nolasri01,12000000,C,Ricky Nolasco
2016,MIN,AL,nunezed02,1475000,OF,Eduardo Nunez
2016,MIN,AL,perkigl01,6300000,P,Glen Perkins
2016,MIN,AL,plouftr01,7250000,3B,Trevor Plouffe
2016,MIN,AL,pressry01,520000,P,Ryan Pressly
2016,MIN,AL,rosared01,542500,SS,Eddie Rosario
2016,MIN,AL,sanomi01,547500,3B,Miguel Sano
2016,MIN,AL,santada01,537500,SS,Danny Santana
2016,MIN,AL,santaer01,13500000,P,Ervin Santana
2016,MIN,AL,suzukku01,6000000,C,Kurt Suzuki
2016,MIN,AL,tonkimi01,515000,P,Michael Tonkin
2016,NYM,NL,bastaan01,5375000,OF,Antonio Bastardo
2016,NYM,NL,blevije01,4000000,OF,Jerry Blevins
2016,NYM,NL,cabreas01,8250000,3B,Asdrubal Cabrera
2016,NYM,NL,campber01,513308,OF,Eric Campbell
2016,NYM,NL,cespeyo01,27328046,OF,Yoenis Cespedes
2016,NYM,NL,colonba01,7250000,P,Bartolo Colon
2016,NYM,NL,confomi01,517246,SS,Michael Conforto
2016,NYM,NL,darnatr01,542604,P,Travis d'Arnaud
2016,NYM,NL,deazaal01,5750000,OF,Alejandro De Aza
2016,NYM,NL,degroja01,607000,3B,Jacob deGrom
2016,NYM,NL,dudalu01,6725000,1B,Lucas Duda
2016,NYM,NL,edginjo01,625000,P,Josh Edgin
2016,NYM,NL,familje01,4100000,P,Jeurys Familia
2016,NYM,NL,florewi01,526014,P,Wilmer Flores
2016,NYM,NL,grandcu01,16000000,OF,Curtis Granderson
2016,NYM,NL,harvema01,4325000,P,Matt Harvey
2016,NYM,NL,hendeji01,600000,1B,Jim Henderson
2016,NYM,NL,lagarju01,2500000,OF,Juan Lagares
2016,NYM,NL,matzst01,515750,P,Steven Matz
2016,NYM,NL,plaweke01,511360,2B,Kevin Plawecki
2016,NYM,NL,reedad01,5300000,P,Addison Reed
2016,NYM,NL,robleha01,516500,OF,Hansel Robles
2016,NYM,NL,syndeno01,535375,P,Noah Syndergaard
2016,NYM,NL,verrelo01,514875,P,Logan Verrett
2016,NYM,NL,walkene01,10550000,2B,Neil Walker
2016,NYM,NL,wheelza01,546250,P,Zach Wheeler
2016,NYM,NL,wrighda03,19364801,3B,David Wright
2016,NYY,AL,ackledu01,3200000,SS,Dustin Ackley
2016,NYY,AL,barbajo01,507500,OF,Johnny Barbato
2016,NYY,AL,beltrca01,15000000,P,Carlos Beltran
2016,NYY,AL,betande01,507500,P,Dellin Betances
2016,NYY,AL,birdgr01,525300,OF,Greg Bird
2016,NYY,AL,castrst01,7857142,P,Starlin Castro
2016,NYY,AL,cessalu01,507500,OF,Luis Cessa
2016,NYY,AL,chapmar01,9468443,SS,Aroldis Chapman
2016,NYY,AL,ellsbja01,21142857,C,Jacoby Ellsbury
2016,NYY,AL,eovalna01,5600000,C,Nathan Eovaldi
2016,NYY,AL,gardnbr01,13500000,SS,Brett Gardner
2016,NYY,AL,gregodi01,2425000,OF,Didi Gregorius
2016,NYY,AL,headlch01,13000000,OF,Chase Headley
2016,NYY,AL,hicksaa01,574000,SS,Aaron Hicks
2016,NYY,AL,mccanbr01,17000000,OF,Brian McCann
2016,NYY,AL,millean01,9000000,SS,Andrew Miller
2016,NYY,AL,mitchbr01,516650,OF,Bryan Mitchell
2016,NYY,AL,novaiv01,4100000,OF,Ivan Nova
2016,NYY,AL,pinedmi01,4300000,P,Michael Pineda
2016,NYY,AL,rodrial01,21000000,P,Alex Rodriguez
2016,NYY,AL,rominau01,556000,C,Austin Romine
2016,NYY,AL,sabatc.01,25000000,P,Kirk Saarloos
2016,NYY,AL,severlu01,521300,P,Luis Severino
2016,NYY,AL,shrevch01,533400,P,Chasen Shreve
2016,NYY,AL,tanakma01,22000000,P,Masahiro Tanaka
2016,NYY,AL,teixema01,23125000,1B,Mark Teixeira
2016,NYY,AL,torrero01,508600,SS,Ronald Torreyes
2016,NYY,AL,willima10,509700,OF,Mac Williamson
2016,NYY,AL,yateski01,511900,P,Kirby Yates
2016,OAK,AL,alonsyo01,2650000,C,Yonder Alonso
2016,OAK,AL,alvarhe01,4250000,C,Henderson Alvarez
2016,OAK,AL,alvarrj01,510000,C,R. J. Alvarez
2016,OAK,AL,axforjo01,4500000,OF,John Axford
2016,OAK,AL,bassich01,510000,OF,Chris Bassitt
2016,OAK,AL,burnsbi02,512500,P,Billy Burns
2016,OAK,AL,butlebi03,11666667,SS,Billy Butler
2016,OAK,AL,canhama01,512500,OF,Mark Canha
2016,OAK,AL,coghlch01,4800000,OF,Chris Coghlan
2016,OAK,AL,crispco01,11000000,OF,Coco Crisp
2016,OAK,AL,daviskh01,524500,C,Khris Davis
2016,OAK,AL,doolise01,1580000,C,Sean Doolittle
2016,OAK,AL,doubrfe01,2000000,P,Felix Doubront
2016,OAK,AL,dullry01,507500,P,Ryan Dull
2016,OAK,AL,fuldsa01,1925000,P,Sam Fuld
2016,OAK,AL,graveke01,512500,OF,Kendall Graveman
2016,OAK,AL,grayso01,527500,OF,Sonny Gray
2016,OAK,AL,hendrli01,523400,OF,Liam Hendriks
2016,OAK,AL,hillri01,6000000,C,Rich Hill
2016,OAK,AL,lowrije01,7500000,OF,Jed Lowrie
2016,OAK,AL,madsory01,6666667,3B,Ryan Madson
2016,OAK,AL,parkeja02,850000,OF,Jarrod Parker
2016,OAK,AL,phegljo01,512500,C,Josh Phegley
2016,OAK,AL,reddijo01,6575000,OF,Josh Reddick
2016,OAK,AL,rodrife02,1050000,P,Fernando Rodriguez
2016,OAK,AL,rzepcma01,2950000,P,Marc Rzepczynski
2016,OAK,AL,semiema01,512500,SS,Marcus Semien
2016,OAK,AL,sogarer01,1500000,SS,Eric Sogard
2016,OAK,AL,valenda01,3150000,OF,Danny Valencia
2016,OAK,AL,vogtst01,527500,C,Stephen Vogt
2016,PHI,NL,altheaa01,515500,C,Aaron Altherr
2016,PHI,NL,ascheco01,530000,OF,Cody Asche
2016,PHI,NL,blancan01,1450000,OF,Andres Blanco
2016,PHI,NL,bourjpe01,2000000,P,Peter Bourjos
2016,PHI,NL,burriem01,925000,P,Emmanuel Burriss
2016,PHI,NL,eickhje01,516000,P,Jerad Eickhoff
2016,PHI,NL,francma02,517500,OF,Maikel Franco
2016,PHI,NL,galvifr01,2000000,P,Freddy Galvis
2016,PHI,NL,goeddty01,507500,P,Tyler Goeddel
2016,PHI,NL,gomezje01,1400000,P,Jeanmar Gomez
2016,PHI,NL,harrima01,13000000,OF,Matt Harrison
2016,PHI,NL,hellije01,7000000,1B,Jeremy Hellickson
2016,PHI,NL,hernace02,525000,OF,Cesar Hernandez
2016,PHI,NL,hernada01,3900000,OF,David Hernandez
2016,PHI,NL,herreod01,528000,OF,Odubel Herrera
2016,PHI,NL,hinojda01,514000,C,Dalier Hinojosa
2016,PHI,NL,hollama01,512500,P,Mario Hollands
2016,PHI,NL,huntece01,507500,P,Cedric Hunter
2016,PHI,NL,margoma01,512500,SS,Manuel Margot
2016,PHI,NL,mortoch02,8000000,SS,Charlie Morton
2016,PHI,NL,nerishe01,515000,P,Hector Neris
2016,PHI,NL,nolaaa01,517500,P,Aaron Nola
2016,PHI,NL,oberhbr01,518000,C,Brett Oberholtzer
2016,PHI,NL,rufda01,527000,OF,Darin Ruf
2016,PHI,NL,ruizca01,8500000,C,Carlos Ruiz
2016,PHI,NL,ruppca01,518000,C,Cameron Rupp
2016,PHI,NL,russeja02,1500000,P,James Russell
2016,PHI,NL,stumpda01,507500,P,Daniel Stumpf
2016,PHI,NL,velasvi01,516000,P,Vince Velasquez
2016,PIT,NL,caminar01,532500,OF,Arquimedes Caminero
2016,PIT,NL,cervefr01,3500000,OF,Francisco Cervelli
2016,PIT,NL,colege01,548000,P,Gerrit Cole
2016,PIT,NL,diazel01,510000,C,Elias Diaz
2016,PIT,NL,felizne01,3900000,P,Neftali Feliz
2016,PIT,NL,figueco01,550000,P,Cole Figueroa
2016,PIT,NL,freesda01,3000000,P,David Freese
2016,PIT,NL,harrijo05,5250000,OF,Josh Harrison
2016,PIT,NL,hugheja02,2175000,2B,Jared Hughes
2016,PIT,NL,jasojo01,4000000,P,John Jaso
2016,PIT,NL,joycema01,1000000,OF,Matthew Joyce
2016,PIT,NL,kangju01,2500000,P,Jung Ho Kang
2016,PIT,NL,liriafr01,13666667,OF,Francisco Liriano
2016,PIT,NL,lobstky01,520000,P,Kyle Lobstein
2016,PIT,NL,lockeje01,3025000,P,Jeff Locke
2016,PIT,NL,luebkco01,1000000,P,Cory Luebke
2016,PIT,NL,martest01,3333333,P,Starling Marte
2016,PIT,NL,mccutan01,13208333,1B,Andrew McCutchen
2016,PIT,NL,melanma01,9650000,OF,Mark Melancon
2016,PIT,NL,mercejo03,2075000,SS,Jordy Mercer
2016,PIT,NL,morsemi01,8000000,SS,Mike Morse
2016,PIT,NL,nicasju01,3000000,C,Juan Nicasio
2016,PIT,NL,niesejo01,9000000,P,Jonathon Niese
2016,PIT,NL,polangr01,535000,OF,Gregory Polanco
2016,PIT,NL,rodrise01,2500000,SS,Sean Rodriguez
2016,PIT,NL,stewach01,1350000,C,Chris Stewart
2016,PIT,NL,vogelry01,2000000,P,Ryan Vogelsong
2016,PIT,NL,watsoto01,3450000,P,Tony Watson
2016,SDP,NL,baumabu01,520000,OF,Buddy Baumann
2016,SDP,NL,bethach01,511200,P,Christian Bethancourt
2016,SDP,NL,blashja01,507500,OF,Jabari Blash
2016,SDP,NL,buchtry01,520000,OF,Ryan Buchter
2016,SDP,NL,cashnan01,7150000,3B,Andrew Cashner
2016,SDP,NL,edwarjo02,509600,OF,Jon Edwards
2016,SDP,NL,jankotr01,508800,P,Travis Jankowski
2016,SDP,NL,jayjo02,6225000,P,Jon Jay
2016,SDP,NL,kempma01,21500000,C,Matt Kemp
2016,SDP,NL,maurebr01,526400,P,Brandon Maurer
2016,SDP,NL,myerswi01,523900,1B,Wil Myers
2016,SDP,NL,norride01,2925000,SS,Derek Norris
2016,SDP,NL,perdolu02,507500,2B,Luis Perdomo
2016,SDP,NL,pomerdr01,1350000,P,Drew Pomeranz
2016,SDP,NL,quackke01,521200,P,Kevin Quackenbush
2016,SDP,NL,ramiral03,3000000,SS,Alexei Ramirez
2016,SDP,NL,reaco01,510200,P,Colin Rea
2016,SDP,NL,rodnefe01,1600000,P,Fernando Rodney
2016,SDP,NL,rosalad01,800000,SS,Adam Rosales
2016,SDP,NL,rossty01,9625000,P,Tyson Ross
2016,SDP,NL,shielja02,21000000,P,James Shields
2016,SDP,NL,solarya01,525500,3B,Yangervis Solarte
2016,SDP,NL,spangco01,517700,OF,Cory Spangenberg
2016,SDP,NL,thornma01,1600000,P,Matt Thornton
2016,SDP,NL,uptonbj01,15450000,OF,Melvin Upton
2016,SDP,NL,villaca01,1490314,P,Carlos Villanueva
2016,SDP,NL,wallabr01,1000000,3B,Brett Wallace
2016,SEA,AL,aokino01,5500000,OF,Nori Aoki
2016,SEA,AL,benoijo01,7500000,P,Joaquin Benoit
2016,SEA,AL,canoro01,24000000,C,Robinson Cano
2016,SEA,AL,cishest01,4000000,P,Steve Cishek
2016,SEA,AL,clevest01,516500,P,Steve Clevenger
2016,SEA,AL,cookry01,1100000,OF,Ryan Cook
2016,SEA,AL,cruzne02,14250000,OF,Nelson Cruz
2016,SEA,AL,furbuch01,1600000,P,Charlie Furbush
2016,SEA,AL,gutiefr01,1500000,P,Franklin Gutierrez
2016,SEA,AL,hernafe02,25857143,OF,Felix Hernandez
2016,SEA,AL,iannech01,4250000,P,Chris Iannetta
2016,SEA,AL,iwakuhi01,10976096,1B,Hisashi Iwakuma
2016,SEA,AL,karnsna01,523700,P,Nate Karns
2016,SEA,AL,leeda02,1000000,P,Dae-ho Lee
2016,SEA,AL,lindad01,8000000,OF,Adam Lind
2016,SEA,AL,marteke01,515400,P,Ketel Marte
2016,SEA,AL,martile01,4150000,P,Leonys Martin
2016,SEA,AL,montgmi01,515000,P,Mike Montgomery
2016,SEA,AL,nunovi01,532900,OF,Vidal Nuno
2016,SEA,AL,peraljo01,1250000,C,Joel Peralta
2016,SEA,AL,sardilu01,512000,SS,Luis Sardinas
2016,SEA,AL,scribev01,807500,P,Evan Scribner
2016,SEA,AL,seageky01,8000000,SS,Kyle Seager
2016,SEA,AL,smithse01,6750000,OF,Seth Smith
2016,SEA,AL,sucreje01,512000,P,Jesus Sucre
2016,SEA,AL,vinceni01,525500,P,Nick Vincent
2016,SEA,AL,walketa01,528600,P,Taijuan Walker
2016,SEA,AL,zychto01,511000,P,Tony Zych
2016,SFG,NL,adriaeh01,512500,SS,Ehire Adrianza
2016,SFG,NL,beltbr01,6200000,P,Brandon Belt
2016,SFG,NL,blancgr01,3900000,OF,Gregor Blanco
2016,SFG,NL,browntr01,508500,OF,Trevor Brown
2016,SFG,NL,bumgama01,9916667,OF,Madison Bumgarner
2016,SFG,NL,cainma01,20833333,3B,Matt Cain
2016,SFG,NL,garcija01,6500000,2B,Santiago Casilla
2016,SFG,NL,crawfbr01,6000000,C,Brandon Crawford
2016,SFG,NL,cuetojo01,17500000,P,Johnny Cueto
2016,SFG,NL,duffyma02,537500,P,Matt Duffy
2016,SFG,NL,gearrco01,550000,P,Cory Gearrin
2016,SFG,NL,hestoch01,530000,SS,Chris Heston
2016,SFG,NL,kontoge01,1150000,P,George Kontos
2016,SFG,NL,lopezja02,5000000,P,Javier Lopez
2016,SFG,NL,osichjo01,512500,OF,Josh Osich
2016,SFG,NL,paganan01,11250000,OF,Angel Pagan
2016,SFG,NL,panikjo01,545000,P,Joe Panik
2016,SFG,NL,peavyja01,15000000,P,Jake Peavy
2016,SFG,NL,pencehu01,18700000,C,Hunter Pence
2016,SFG,NL,poseybu01,20777778,C,Buster Posey
2016,SFG,NL,romose01,9000000,P,Sergio Romo
2016,SFG,NL,samarje01,10800000,P,Jeff Samardzija
2016,SFG,NL,spande01,5000000,OF,Denard Span
2016,SFG,NL,strichu01,517500,P,Hunter Strickland
2016,SFG,NL,tomlike01,512500,SS,Kelby Tomlinson
2016,STL,NL,adamsma01,1650000,SS,Matt Adams
2016,STL,NL,bowmama01,507500,P,Matthew Bowman
2016,STL,NL,broxtjo01,3750000,OF,Jonathan Broxton
2016,STL,NL,carpema01,6500000,P,Matt Carpenter
2016,STL,NL,fryerer01,575000,P,Eric Fryer
2016,STL,NL,garcigr01,507500,2B,Greg Garcia
2016,STL,NL,garcija02,11500000,2B,Jaime Garcia
2016,STL,NL,grichra01,520000,2B,Randal Grichuk
2016,STL,NL,gyorkje01,4000000,P,Jedd Gyorko
2016,STL,NL,harrimi03,509000,OF,Mitch Harris
2016,STL,NL,hazelje01,507500,C,Jeremy Hazelbaker
2016,STL,NL,hollima01,17000000,P,Matt Holliday
2016,STL,NL,leakemi01,12000000,P,Mike Leake
2016,STL,NL,lynnla01,7500000,OF,Lance Lynn
2016,STL,NL,lyonsty01,512500,OF,Tyler Lyons
2016,STL,NL,manesse01,1400000,P,Seth Maness
2016,STL,NL,martica04,539000,C,Carlos Martinez
2016,STL,NL,molinya01,14200000,OF,Yadier Molina
2016,STL,NL,mossbr01,8250000,P,Brandon Moss
2016,STL,NL,ohse01,2500000,OF,Seung-hwan Oh
2016,STL,NL,penabr01,2500000,P,Brayan Pena
2016,STL,NL,peraljh01,12500000,C,Jhonny Peralta
2016,STL,NL,phamth01,510000,OF,Tommy Pham
2016,STL,NL,piscost01,512500,2B,Stephen Piscotty
2016,STL,NL,rosentr01,5600000,P,Trevor Rosenthal
2016,STL,NL,siegrke01,539000,P,Kevin Siegrist
2016,STL,NL,tejadru01,1500000,SS,Ruben Tejada
2016,STL,NL,wachami01,539000,P,Michael Wacha
2016,STL,NL,wainwad01,19500000,P,Adam Wainwright
2016,STL,NL,waldejo01,3675000,P,Jordan Walden
2016,STL,NL,wongko01,1250000,OF,Kolten Wong
2016,TBR,AL,archech01,2916667,OF,Chris Archer
2016,TBR,AL,beckhti01,514500,P,Tim Beckham
2016,TBR,AL,boxbebr01,519200,P,Brad Boxberger
2016,TBR,AL,casalcu01,513600,OF,Curt Casali
2016,TBR,AL,cedenxa01,524100,OF,Xavier Cedeno
2016,TBR,AL,cobbal01,4000000,P,Alex Cobb
2016,TBR,AL,colomal01,521700,P,Alex Colome
2016,TBR,AL,congeha01,1500000,SS,Hank Conger
2016,TBR,AL,dickeco01,522900,C,Corey Dickerson
2016,TBR,AL,evelada01,895000,OF,Dana Eveland
2016,TBR,AL,farquda01,527000,P,Danny Farquhar
2016,TBR,AL,forsylo01,2250000,P,Logan Forsythe
2016,TBR,AL,geltzst01,519300,C,Steve Geltz
2016,TBR,AL,guyerbr01,1185000,P,Brandon Guyer
2016,TBR,AL,jennide01,3300000,P,Desmond Jennings
2016,TBR,AL,kiermke01,514400,P,Kevin Kiermaier
2016,TBR,AL,longoev01,12600018,P,Evan Longoria
2016,TBR,AL,millebr02,527600,SS,Brad Miller
2016,TBR,AL,moorema02,5100000,OF,Matt Moore
2016,TBR,AL,morrilo01,4200000,SS,Logan Morrison
2016,TBR,AL,odorija01,520700,C,Jake Odorizzi
2016,TBR,AL,pearcst01,4750000,P,Steve Pearce
2016,TBR,AL,ramirer02,2375000,P,Erasmo Ramirez
2016,TBR,AL,romeren01,510000,OF,Enny Romero
2016,TBR,AL,smylydr01,3750000,P,Drew Smyly
2016,TBR,AL,souzast01,516100,OF,Steven Souza
2016,TBR,AL,webbry01,1000000,P,Ryan Webb
2016,TBR,AL,whitlch01,524525,P,Chase Whitley
2016,TEX,AL,alberha01,511500,SS,Hanser Alberto
2016,TEX,AL,andruel01,15333333,C,Elvis Andrus
2016,TEX,AL,barneto01,1500000,SS,Tony Barnette
2016,TEX,AL,beltrad01,18000000,P,Adrian Beltre
2016,TEX,AL,chiriro01,1550000,OF,Robinson Chirinos
2016,TEX,AL,choosh01,20000000,OF,Shin-Soo Choo
2016,TEX,AL,darviyu01,10000000,P,Yu Darvish
2016,TEX,AL,deshide02,517300,OF,Delino DeShields
2016,TEX,AL,desmoia01,8000000,OF,Ian Desmond
2016,TEX,AL,diekmja01,1255000,C,Jake Diekman
2016,TEX,AL,dysonsa01,525270,C,Sam Dyson
2016,TEX,AL,faulkan01,508500,P,Andrew Faulkner
2016,TEX,AL,fieldpr01,24000000,P,Prince Fielder
2016,TEX,AL,gimench01,975000,OF,Chris Gimenez
2016,TEX,AL,hamelco01,22500000,P,Cole Hamels
2016,TEX,AL,hamiljo03,24000000,P,Josh Hamilton
2016,TEX,AL,holadbr01,519000,P,Bryan Holaday
2016,TEX,AL,jackslu01,508500,P,Luke Jackson
2016,TEX,AL,kelake01,518000,P,Keone Kela
2016,TEX,AL,kleinph01,509500,P,Phil Klein
2016,TEX,AL,lewisco01,6000000,P,Colby Lewis
2016,TEX,AL,morelmi01,5700000,OF,Mitch Moreland
2016,TEX,AL,odorro01,522700,C,Rougned Odor
2016,TEX,AL,perezma02,3150000,2B,Martin Perez
2016,TEX,AL,ruary01,510120,OF,Ryan Rua
2016,TEX,AL,ruggiju01,1650000,OF,Justin Ruggiano
2016,TEX,AL,schepta01,900000,P,Tanner Scheppers
2016,TEX,AL,tollesh01,3275000,P,Shawn Tolleson
2016,TEX,AL,wilheto01,3100000,P,Tom Wilhelmsen
2016,TOR,AL,barneda01,1050000,OF,Darwin Barney
2016,TOR,AL,bautijo02,14000000,OF,Jose Bautista
2016,TOR,AL,biagijo01,507500,P,Joe Biagini
2016,TOR,AL,carreez01,521800,P,Ezequiel Carrera
2016,TOR,AL,cecilbr01,3800000,3B,Brett Cecil
2016,TOR,AL,chaveje01,4000000,SS,Jesse Chavez
2016,TOR,AL,colabch01,521300,OF,Chris Colabello
2016,TOR,AL,dicker.01,12000000,C,Paul Dicken
2016,TOR,AL,donaljo02,11650000,OF,Josh Donaldson
2016,TOR,AL,encared01,10000000,C,Edwin Encarnacion
2016,TOR,AL,estrama01,11500000,C,Marco Estrada
2016,TOR,AL,floydga01,1000000,P,Gavin Floyd
2016,TOR,AL,goinsry01,520200,P,Ryan Goins
2016,TOR,AL,happja01,10000000,P,J. A. Happ
2016,TOR,AL,leonar01,510500,OF,Arnold Leon
2016,TOR,AL,loupaa01,1050000,OF,Aaron Loup
2016,TOR,AL,martiru01,15000000,P,Russell Martin
2016,TOR,AL,moralfr01,2000000,OF,Franklin Morales
2016,TOR,AL,osunaro01,516100,OF,Roberto Osuna
2016,TOR,AL,pillake01,521100,OF,Kevin Pillar
2016,TOR,AL,sanchaa01,517800,P,Aaron Sanchez
2016,TOR,AL,saundmi01,2900000,OF,Michael Saunders
2016,TOR,AL,schulbo02,513300,P,Bo Schultz
2016,TOR,AL,smoakju01,3900000,1B,Justin Smoak
2016,TOR,AL,storedr01,8375000,P,Drew Storen
2016,TOR,AL,stromma01,515900,P,Marcus Stroman
2016,TOR,AL,tholejo01,800000,C,Josh Thole
2016,TOR,AL,travide01,511200,2B,Devon Travis
2016,TOR,AL,tulowtr01,20000000,SS,Troy Tulowitzki
2016,WSN,NL,barreaa01,519400,OF,Aaron Barrett
2016,WSN,NL,belisma01,1250000,P,Matt Belisle
2016,WSN,NL,drewst01,3000000,P,Stephen Drew
2016,WSN,NL,espinda01,2875000,P,Danny Espinosa
2016,WSN,NL,gonzagi01,12100000,OF,Gio Gonzalez
2016,WSN,NL,harpebr03,5000000,OF,Bryce Harper
2016,WSN,NL,heisech01,1250000,1B,Chris Heisey
2016,WSN,NL,kellesh01,4000000,SS,Shawn Kelley
2016,WSN,NL,lobatjo01,1387500,P,Jose Lobaton
2016,WSN,NL,murphda08,8000000,OF,Daniel Murphy
2016,WSN,NL,papeljo01,10936574,P,Jonathan Papelbon
2016,WSN,NL,perezol01,3000000,P,Oliver Perez
2016,WSN,NL,petityu01,2500000,P,Yusmeiro Petit
2016,WSN,NL,ramoswi01,5350000,C,Wilson Ramos
2016,WSN,NL,rendoan01,2800000,3B,Anthony Rendon
2016,WSN,NL,reverbe01,6250000,OF,Ben Revere
2016,WSN,NL,riverfe01,516100,3B,Felipe Rivero
2016,WSN,NL,roarkta01,543400,P,Tanner Roark
2016,WSN,NL,robincl01,534900,1B,Clint Robinson
2016,WSN,NL,rossjo01,514400,P,Joe Ross
2016,WSN,NL,scherma01,22142857,P,Max Scherzer
2016,WSN,NL,strasst01,10400000,P,Stephen Strasburg
2016,WSN,NL,taylomi02,524000,OF,Michael Taylor
2016,WSN,NL,treinbl01,524900,P,Blake Treinen
2016,WSN,NL,werthja01,21733615,OF,Jayson Werth
2016,WSN,NL,zimmery01,14000000,1B,Ryan Zimmerman
